{
    "low_medium": 0.4981968104839325,
    "medium_high": 0.518235981464386,
    "high_critical": 0.750578984618187
}